"	datetime	price",,,,
"0	2021-07-30T00:00:00.000Z	5.5853",,,,
"1	2021-07-30T08:00:00.000Z	5.4953",,,,
"2	2021-07-30T16:00:00.000Z	5.4547",,,,
"3	2021-07-31T00:00:00.000Z	5.5301",,,,
"4	2021-07-31T08:00:00.000Z	6.3304",,,,
"5	2021-07-31T16:00:00.000Z	6.6237",,,,
"6	2021-08-01T00:00:00.000Z	6.9357",,,,
"7	2021-08-01T08:00:00.000Z	7.7544",,,,
"8	2021-08-01T16:00:00.000Z	8.5474",,,,
"9	2021-08-02T00:00:00.000Z	8.3698",,,,
"10	2021-08-02T08:00:00.000Z	8.2498",,,,
"11	2021-08-02T16:00:00.000Z	8.3847",,,,
"12	2021-08-03T00:00:00.000Z	8.2523",,,,
"13	2021-08-03T08:00:00.000Z	8.411",,,,
"14	2021-08-03T16:00:00.000Z	8.4057",,,,
"15	2021-08-04T00:00:00.000Z	9.1873",,,,
"16	2021-08-04T08:00:00.000Z	11.1525",,,,
"17	2021-08-04T16:00:00.000Z	13.1187",,,,
"18	2021-08-05T00:00:00.000Z	14.0722",,,,
"19	2021-08-05T08:00:00.000Z	14.2844",,,,
"20	2021-08-05T16:00:00.000Z	14.6528",,,,
"21	2021-08-06T00:00:00.000Z	14.7924",,,,
"22	2021-08-06T08:00:00.000Z	14.8793",,,,
"23	2021-08-06T16:00:00.000Z	14.6494",,,,
"24	2021-08-07T00:00:00.000Z	15.0254",,,,
"25	2021-08-07T08:00:00.000Z	15.0021",,,,
"26	2021-08-07T16:00:00.000Z	15.3157",,,,
"27	2021-08-08T00:00:00.000Z	15.4584",,,,
"28	2021-08-08T08:00:00.000Z	14.1829",,,,
"29	2021-08-08T16:00:00.000Z	14.1199",,,,
"30	2021-08-09T00:00:00.000Z	14.0877",,,,
"31	2021-08-09T08:00:00.000Z	14.6055",,,,
"32	2021-08-09T16:00:00.000Z	14.3662",,,,
"33	2021-08-10T00:00:00.000Z	15.0998",,,,
"34	2021-08-10T08:00:00.000Z	15.3312",,,,
"35	2021-08-10T16:00:00.000Z	14.9507",,,,
"36	2021-08-11T00:00:00.000Z	14.675",,,,
"37	2021-08-11T08:00:00.000Z	14.1735",,,,
"38	2021-08-11T16:00:00.000Z	13.5412",,,,
"39	2021-08-12T00:00:00.000Z	13.264",,,,
"40	2021-08-12T08:00:00.000Z	13.1632",,,,
"41	2021-08-12T16:00:00.000Z	13.5145",,,,
"42	2021-08-13T00:00:00.000Z	13.5145",,,,
"43	2021-08-13T08:00:00.000Z	13.5145",,,,
"44	2021-08-13T16:00:00.000Z	13.5735",,,,
"45	2021-08-14T00:00:00.000Z	13.4882",,,,
"46	2021-08-14T08:00:00.000Z	13.9",,,,
"47	2021-08-14T16:00:00.000Z	13.7414",,,,
"48	2021-08-15T00:00:00.000Z	13.5797",,,,
"49	2021-08-15T08:00:00.000Z	14.6576",,,,
"50	2021-08-15T16:00:00.000Z	15.0",,,,
"51	2021-08-16T00:00:00.000Z	14.8824",,,,
"52	2021-08-16T08:00:00.000Z	14.036",,,,
"53	2021-08-16T16:00:00.000Z	14.4924",,,,
"54	2021-08-17T00:00:00.000Z	14.5608",,,,
"55	2021-08-17T08:00:00.000Z	14.9728",,,,
"56	2021-08-17T16:00:00.000Z	14.7829",,,,
"57	2021-08-18T00:00:00.000Z	14.7832",,,,
"58	2021-08-18T08:00:00.000Z	14.829",,,,
"59	2021-08-18T16:00:00.000Z	14.9768",,,,
"60	2021-08-19T00:00:00.000Z	14.9768",,,,
"61	2021-08-19T08:00:00.000Z	14.9768",,,,
"62	2021-08-19T16:00:00.000Z	14.9695",,,,
"63	2021-08-20T00:00:00.000Z	14.9695",,,,
"64	2021-08-20T08:00:00.000Z	14.9695",,,,
"65	2021-08-20T16:00:00.000Z	14.9695",,,,
"66	2021-08-21T00:00:00.000Z	14.9695",,,,
"67	2021-08-21T08:00:00.000Z	14.9695",,,,
"68	2021-08-21T16:00:00.000Z	14.9695",,,,
"69	2021-08-22T00:00:00.000Z	14.9695",,,,
"70	2021-08-22T08:00:00.000Z	14.9695",,,,
"71	2021-08-22T16:00:00.000Z	14.9695",,,,
"72	2021-08-23T00:00:00.000Z	14.9695",,,,
"73	2021-08-23T08:00:00.000Z	14.9695",,,,
"74	2021-08-23T16:00:00.000Z	24.41",,,,
"75	2021-08-24T00:00:00.000Z	24.99",,,,
"76	2021-08-24T08:00:00.000Z	24.99",,,,
"77	2021-08-24T16:00:00.000Z	24.99",,,,
"78	2021-08-25T00:00:00.000Z	24.99",,,,
"79	2021-08-25T08:00:00.000Z	24.99",,,,
"80	2021-08-25T16:00:00.000Z	24.99",,,,
"81	2021-08-26T00:00:00.000Z	24.99",,,,
"82	2021-08-26T08:00:00.000Z	24.99",,,,
"83	2021-08-26T16:00:00.000Z	24.99",,,,
"84	2021-08-27T00:00:00.000Z	24.99",,,,
"85	2021-08-27T08:00:00.000Z	39.0",,,,
"86	2021-08-27T16:00:00.000Z	39.0",,,,
"87	2021-08-28T00:00:00.000Z	39.135",,,,
"88	2021-08-28T08:00:00.000Z	39.18",,,,
"89	2021-08-28T16:00:00.000Z	45.82",,,,
"90	2021-08-29T00:00:00.000Z	56.155",,,,
"91	2021-08-29T08:00:00.000Z	43.2089",,,,
"92	2021-08-29T16:00:00.000Z	46.1575",,,,
"93	2021-08-30T00:00:00.000Z	40.0153",,,,
"94	2021-08-30T08:00:00.000Z	43.0",,,,
"95	2021-08-30T16:00:00.000Z	44.7404",,,,
"96	2021-08-31T00:00:00.000Z	46.1942",,,,
"97	2021-08-31T08:00:00.000Z	47.2809",,,,
"98	2021-08-31T16:00:00.000Z	48.2875",,,,
"99	2021-09-01T00:00:00.000Z	47.8625",,,,
"100	2021-09-01T08:00:00.000Z	45.7844",,,,
"101	2021-09-01T16:00:00.000Z	45.3625",,,,
"102	2021-09-02T00:00:00.000Z	38.3875",,,,
"103	2021-09-02T08:00:00.000Z	36.2",,,,
"104	2021-09-02T16:00:00.000Z	39.2188",,,,
"105	2021-09-03T00:00:00.000Z	41.0944",,,,
"106	2021-09-03T08:00:00.000Z	41.9888",,,,
"107	2021-09-03T16:00:00.000Z	41.3625",,,,
"108	2021-09-04T00:00:00.000Z	39.9988",,,,
"109	2021-09-04T08:00:00.000Z	39.0924",,,,
"110	2021-09-04T16:00:00.000Z	39.5636",,,,
"111	2021-09-05T00:00:00.000Z	37.246",,,,
"112	2021-09-05T08:00:00.000Z	34.4101",,,,
"113	2021-09-05T16:00:00.000Z	33.074",,,,
"114	2021-09-06T00:00:00.000Z	32.5168",,,,
"115	2021-09-06T08:00:00.000Z	39.2325",,,,
"116	2021-09-06T16:00:00.000Z	40.8336",,,,
"117	2021-09-07T00:00:00.000Z	41.0823",,,,
"118	2021-09-07T08:00:00.000Z	41.6783",,,,
"119	2021-09-07T16:00:00.000Z	41.055",,,,
"120	2021-09-08T00:00:00.000Z	39.6422",,,,
"121	2021-09-08T08:00:00.000Z	39.5462",,,,
"122	2021-09-08T16:00:00.000Z	39.5237",,,,
"123	2021-09-09T00:00:00.000Z	39.2836",,,,
"124	2021-09-09T08:00:00.000Z	39.1062",,,,
"125	2021-09-09T16:00:00.000Z	40.4075",,,,
"126	2021-09-10T00:00:00.000Z	40.18",,,,
"127	2021-09-10T08:00:00.000Z	38.7114",,,,
"128	2021-09-10T16:00:00.000Z	35.9375",,,,
"129	2021-09-11T00:00:00.000Z	33.769",,,,
"130	2021-09-11T08:00:00.000Z	34.1975",,,,
"131	2021-09-11T16:00:00.000Z	33.6444",,,,
"132	2021-09-12T00:00:00.000Z	33.2625",,,,
"133	2021-09-12T08:00:00.000Z	33.7111",,,,
"134	2021-09-12T16:00:00.000Z	32.0",,,,
"135	2021-09-13T00:00:00.000Z	32.6667",,,,
"136	2021-09-13T08:00:00.000Z	33.5333",,,,
"137	2021-09-13T16:00:00.000Z	33.7778",,,,
"138	2021-09-14T00:00:00.000Z	33.42",,,,
"139	2021-09-14T08:00:00.000Z	33.675",,,,
"140	2021-09-14T16:00:00.000Z	34.0511",,,,
"141	2021-09-15T00:00:00.000Z	34.9744",,,,
"142	2021-09-15T08:00:00.000Z	34.9725",,,,
"143	2021-09-15T16:00:00.000Z	36.3322",,,,
"144	2021-09-16T00:00:00.000Z	37.6975",,,,
"145	2021-09-16T08:00:00.000Z	38.96",,,,
"146	2021-09-16T16:00:00.000Z	39.042",,,,
"147	2021-09-17T00:00:00.000Z	41.0523",,,,
"148	2021-09-17T08:00:00.000Z	40.9063",,,,
"149	2021-09-17T16:00:00.000Z	40.4",,,,
"150	2021-09-18T00:00:00.000Z	40.1222",,,,
"151	2021-09-18T08:00:00.000Z	39.995",,,,
"152	2021-09-18T16:00:00.000Z	39.99",,,,
"153	2021-09-19T00:00:00.000Z	39.99",,,,
"154	2021-09-19T08:00:00.000Z	39.99",,,,
"155	2021-09-19T16:00:00.000Z	38.85",,,,
"156	2021-09-20T00:00:00.000Z	38.21",,,,
"157	2021-09-20T08:00:00.000Z	38.5778",,,,
"158	2021-09-20T16:00:00.000Z	39.8687",,,,
"159	2021-09-21T00:00:00.000Z	38.7474",,,,
"160	2021-09-21T08:00:00.000Z	37.0789",,,,
"161	2021-09-21T16:00:00.000Z	37.4135",,,,
"162	2021-09-22T00:00:00.000Z	38.8124",,,,
"163	2021-09-22T08:00:00.000Z	38.3238",,,,
"164	2021-09-22T16:00:00.000Z	37.1111",,,,
"165	2021-09-23T00:00:00.000Z	38.0",,,,
"166	2021-09-23T08:00:00.000Z	38.0",,,,
"167	2021-09-23T16:00:00.000Z	37.25",,,,
"168	2021-09-24T00:00:00.000Z	37.25",,,,
"169	2021-09-24T08:00:00.000Z	38.3713",,,,
"170	2021-09-24T16:00:00.000Z	38.794",,,,
"171	2021-09-25T00:00:00.000Z	39.0",,,,
"172	2021-09-25T08:00:00.000Z	38.85",,,,
"173	2021-09-25T16:00:00.000Z	39.0",,,,
"174	2021-09-26T00:00:00.000Z	39.0",,,,
"175	2021-09-26T08:00:00.000Z	39.0",,,,
"176	2021-09-26T16:00:00.000Z	39.0",,,,
"177	2021-09-27T00:00:00.000Z	38.9625",,,,
"178	2021-09-27T08:00:00.000Z	38.8014",,,,
"179	2021-09-27T16:00:00.000Z	38.46",,,,
"180	2021-09-28T00:00:00.000Z	37.8338",,,,
"181	2021-09-28T08:00:00.000Z	37.9722",,,,
"182	2021-09-28T16:00:00.000Z	38.7",,,,
"183	2021-09-29T00:00:00.000Z	39.0",,,,
"184	2021-09-29T08:00:00.000Z	39.0",,,,
"185	2021-09-29T16:00:00.000Z	38.9945",,,,
"186	2021-09-30T00:00:00.000Z	38.9838",,,,
"187	2021-09-30T08:00:00.000Z	38.99",,,,
"188	2021-09-30T16:00:00.000Z	38.9913",,,,
"189	2021-10-01T00:00:00.000Z	38.74",,,,
"190	2021-10-01T08:00:00.000Z	39.2737",,,,
"191	2021-10-01T16:00:00.000Z	40.0",,,,
"192	2021-10-02T00:00:00.000Z	40.0",,,,
"193	2021-10-02T08:00:00.000Z	39.9904",,,,
"194	2021-10-02T16:00:00.000Z	40.1001",,,,
"195	2021-10-03T00:00:00.000Z	41.4363",,,,
"196	2021-10-03T08:00:00.000Z	41.738",,,,
"197	2021-10-03T16:00:00.000Z	41.7688",,,,
"198	2021-10-04T00:00:00.000Z	41.7225",,,,
"199	2021-10-04T08:00:00.000Z	41.06",,,,
"200	2021-10-04T16:00:00.000Z	40.9",,,,
"201	2021-10-05T00:00:00.000Z	41.5556",,,,
"202	2021-10-05T08:00:00.000Z	40.5956",,,,
"203	2021-10-05T16:00:00.000Z	40.102",,,,
"204	2021-10-06T00:00:00.000Z	39.25",,,,
"205	2021-10-06T08:00:00.000Z	39.19",,,,
"206	2021-10-06T16:00:00.000Z	39.7375",,,,
"207	2021-10-07T00:00:00.000Z	39.6388",,,,
"208	2021-10-07T08:00:00.000Z	39.87",,,,
"209	2021-10-07T16:00:00.000Z	38.2789",,,,
"210	2021-10-08T00:00:00.000Z	37.1261",,,,
"211	2021-10-08T08:00:00.000Z	36.225",,,,
"212	2021-10-08T16:00:00.000Z	35.7824",,,,
"213	2021-10-09T00:00:00.000Z	37.61",,,,
"214	2021-10-09T08:00:00.000Z	39.48",,,,
"215	2021-10-09T16:00:00.000Z	39.48",,,,
"216	2021-10-10T00:00:00.000Z	39.3655",,,,
"217	2021-10-10T08:00:00.000Z	38.728",,,,
"218	2021-10-10T16:00:00.000Z	38.456",,,,
"219	2021-10-11T00:00:00.000Z	38.4687",,,,
"220	2021-10-11T08:00:00.000Z	37.9944",,,,
"221	2021-10-11T16:00:00.000Z	37.95",,,,
"222	2021-10-12T00:00:00.000Z	36.7882",,,,
"223	2021-10-12T08:00:00.000Z	36.8",,,,
"224	2021-10-12T16:00:00.000Z	36.9271",,,,
"225	2021-10-13T00:00:00.000Z	37.0741",,,,
"226	2021-10-13T08:00:00.000Z	37.0673",,,,
"227	2021-10-13T16:00:00.000Z	36.99",,,,
"228	2021-10-14T00:00:00.000Z	37.092",,,,
"229	2021-10-14T08:00:00.000Z	37.199",,,,
"230	2021-10-14T16:00:00.000Z	37.7737",,,,
"231	2021-10-15T00:00:00.000Z	36.0",,,,
"232	2021-10-15T08:00:00.000Z	36.5",,,,
"233	2021-10-15T16:00:00.000Z	36.5",,,,
"234	2021-10-16T00:00:00.000Z	36.0238",,,,
"235	2021-10-16T08:00:00.000Z	36.0",,,,
"236	2021-10-16T16:00:00.000Z	35.45",,,,
"237	2021-10-17T00:00:00.000Z	35.1",,,,
"238	2021-10-17T08:00:00.000Z	35.55",,,,
"239	2021-10-17T16:00:00.000Z	36.0",,,,
"240	2021-10-18T00:00:00.000Z	35.9779",,,,
"241	2021-10-18T08:00:00.000Z	35.69",,,,
"242	2021-10-18T16:00:00.000Z	35.4288",,,,
"243	2021-10-19T00:00:00.000Z	35.68",,,,
"244	2021-10-19T08:00:00.000Z	35.4933",,,,
"245	2021-10-19T16:00:00.000Z	34.8338",,,,
"246	2021-10-20T00:00:00.000Z	35.9824",,,,
"247	2021-10-20T08:00:00.000Z	35.9475",,,,
"248	2021-10-20T16:00:00.000Z	35.355",,,,
"249	2021-10-21T00:00:00.000Z	33.5331",,,,
"250	2021-10-21T08:00:00.000Z	31.2143",,,,
"251	2021-10-21T16:00:00.000Z	28.875",,,,
"252	2021-10-22T00:00:00.000Z	28.4118",,,,
"253	2021-10-22T08:00:00.000Z	28.7778",,,,
"254	2021-10-22T16:00:00.000Z	29.0",,,,
"255	2021-10-23T00:00:00.000Z	30.88",,,,
"256	2021-10-23T08:00:00.000Z	33.4",,,,
"257	2021-10-23T16:00:00.000Z	34.8",,,,
"258	2021-10-24T00:00:00.000Z	34.8",,,,
"259	2021-10-24T08:00:00.000Z	34.96",,,,
"260	2021-10-24T16:00:00.000Z	34.96",,,,
"261	2021-10-25T00:00:00.000Z	34.96",,,,
"262	2021-10-25T08:00:00.000Z	34.96",,,,
"263	2021-10-25T16:00:00.000Z	34.96",,,,
"264	2021-10-26T00:00:00.000Z	34.96",,,,
"265	2021-10-26T08:00:00.000Z	34.96",,,,
"266	2021-10-26T16:00:00.000Z	35.1508",,,,
"267	2021-10-27T00:00:00.000Z	36.0",,,,
"268	2021-10-27T08:00:00.000Z	35.9929",,,,
"269	2021-10-27T16:00:00.000Z	36.0",,,,
"270	2021-10-28T00:00:00.000Z	35.9778",,,,
"271	2021-10-28T08:00:00.000Z	35.19",,,,
"272	2021-10-28T16:00:00.000Z	35.0",,,,
"273	2021-10-29T00:00:00.000Z	35.816",,,,
"274	2021-10-29T08:00:00.000Z	35.7644",,,,
"275	2021-10-29T16:00:00.000Z	35.73",,,,
"276	2021-10-30T00:00:00.000Z	35.65",,,,
"277	2021-10-30T08:00:00.000Z	35.29",,,,
"278	2021-10-30T16:00:00.000Z	35.2578",,,,
"279	2021-10-31T00:00:00.000Z	34.9988",,,,
"280	2021-10-31T08:00:00.000Z	34.3538",,,,
"281	2021-10-31T16:00:00.000Z	34.2988",,,,
"282	2021-11-01T00:00:00.000Z	34.0",,,,
"283	2021-11-01T08:00:00.000Z	33.6667",,,,
"284	2021-11-01T16:00:00.000Z	34.5818",,,,
"285	2021-11-02T00:00:00.000Z	34.6125",,,,
"286	2021-11-02T08:00:00.000Z	34.5",,,,
"287	2021-11-02T16:00:00.000Z	34.2222",,,,
"288	2021-11-03T00:00:00.000Z	34.0",,,,
"289	2021-11-03T08:00:00.000Z	32.7236",,,,
"290	2021-11-03T16:00:00.000Z	32.5633",,,,
"291	2021-11-04T00:00:00.000Z	31.7998",,,,
"292	2021-11-04T08:00:00.000Z	32.0125",,,,
"293	2021-11-04T16:00:00.000Z	32.4444",,,,
"294	2021-11-05T00:00:00.000Z	32.0",,,,
"295	2021-11-05T08:00:00.000Z	31.75",,,,
"296	2021-11-05T16:00:00.000Z	31.0",,,,
"297	2021-11-06T00:00:00.000Z	30.5556",,,,
"298	2021-11-06T08:00:00.000Z	31.0",,,,
"299	2021-11-06T16:00:00.000Z	31.0375",,,,
"300	2021-11-07T00:00:00.000Z	30.5",,,,
"301	2021-11-07T08:00:00.000Z	30.5",,,,
"302	2021-11-07T16:00:00.000Z	31.2125",,,,
"303	2021-11-08T00:00:00.000Z	32.55",,,,
"304	2021-11-08T08:00:00.000Z	33.0",,,,
"305	2021-11-08T16:00:00.000Z	33.0",,,,
"306	2021-11-09T00:00:00.000Z	32.5889",,,,
"307	2021-11-09T08:00:00.000Z	31.8778",,,,
"308	2021-11-09T16:00:00.000Z	31.0622",,,,
"309	2021-11-10T00:00:00.000Z	30.995",,,,
"310	2021-11-10T08:00:00.000Z	31.3992",,,,
"311	2021-11-10T16:00:00.000Z	31.6451",,,,
"312	2021-11-11T00:00:00.000Z	30.4667",,,,
"313	2021-11-11T08:00:00.000Z	30.8682",,,,
"314	2021-11-11T16:00:00.000Z	32.0",,,,
"315	2021-11-12T00:00:00.000Z	32.64",,,,
"316	2021-11-12T08:00:00.000Z	32.8",,,,
"317	2021-11-12T16:00:00.000Z	32.8",,,,
"318	2021-11-13T00:00:00.000Z	33.1125",,,,
"319	2021-11-13T08:00:00.000Z	34.325",,,,
"320	2021-11-13T16:00:00.000Z	35.553",,,,
"321	2021-11-14T00:00:00.000Z	39.435",,,,
"322	2021-11-14T08:00:00.000Z	41.625",,,,
"323	2021-11-14T16:00:00.000Z	42.02",,,,
"324	2021-11-15T00:00:00.000Z	41.684",,,,
"325	2021-11-15T08:00:00.000Z	41.0667",,,,
"326	2021-11-15T16:00:00.000Z	41.9875",,,,
"327	2021-11-16T00:00:00.000Z	42.673",,,,
"328	2021-11-16T08:00:00.000Z	44.8667",,,,
"329	2021-11-16T16:00:00.000Z	46.89",,,,
"330	2021-11-17T00:00:00.000Z	47.95",,,,
"331	2021-11-17T08:00:00.000Z	49.9444",,,,
"332	2021-11-17T16:00:00.000Z	50.0",,,,
"333	2021-11-18T00:00:00.000Z	50.7756",,,,
"334	2021-11-18T08:00:00.000Z	51.0",,,,
"335	2021-11-18T16:00:00.000Z	51.0",,,,
"336	2021-11-19T00:00:00.000Z	51.1775",,,,
"337	2021-11-19T08:00:00.000Z	52.42",,,,
"338	2021-11-19T16:00:00.000Z	52.604",,,,
"339	2021-11-20T00:00:00.000Z	50.5018",,,,
"340	2021-11-20T08:00:00.000Z	48.8461",,,,
"341	2021-11-20T16:00:00.000Z	49.0",,,,
"342	2021-11-21T00:00:00.000Z	47.1367",,,,
"343	2021-11-21T08:00:00.000Z	46.932",,,,
"344	2021-11-21T16:00:00.000Z	46.6788",,,,
"345	2021-11-22T00:00:00.000Z	43.8252",,,,
"346	2021-11-22T08:00:00.000Z	42.0",,,,
"347	2021-11-22T16:00:00.000Z	42.872",,,,
"348	2021-11-23T00:00:00.000Z	44.49",,,,
"349	2021-11-23T08:00:00.000Z	44.8467",,,,
"350	2021-11-23T16:00:00.000Z	44.89",,,,
"351	2021-11-24T00:00:00.000Z	44.89",,,,
"352	2021-11-24T08:00:00.000Z	44.38",,,,
"353	2021-11-24T16:00:00.000Z	44.21",,,,
"354	2021-11-25T00:00:00.000Z	44.4682",,,,
"355	2021-11-25T08:00:00.000Z	44.89",,,,
"356	2021-11-25T16:00:00.000Z	44.89",,,,
"357	2021-11-26T00:00:00.000Z	43.7",,,,
"358	2021-11-26T08:00:00.000Z	43.7",,,,
"359	2021-11-26T16:00:00.000Z	43.7",,,,
"360	2021-11-27T00:00:00.000Z	43.7",,,,
"361	2021-11-27T08:00:00.000Z	44.0967",,,,
"362	2021-11-27T16:00:00.000Z	44.89",,,,
"363	2021-11-28T00:00:00.000Z	45.8837",,,,
"364	2021-11-28T08:00:00.000Z	45.9913",,,,
"365	2021-11-28T16:00:00.000Z	45.99",,,,
"366	2021-11-29T00:00:00.000Z	46.717",,,,
"367	2021-11-29T08:00:00.000Z	48.77",,,,
"368	2021-11-29T16:00:00.000Z	50.1538",,,,
"369	2021-11-30T00:00:00.000Z	48.2044",,,,
"370	2021-11-30T08:00:00.000Z	48.605",,,,
"371	2021-11-30T16:00:00.000Z	48.61",,,,
"372	2021-12-01T00:00:00.000Z	46.99",,,,
"373	2021-12-01T08:00:00.000Z	47.8999",,,,
"374	2021-12-01T16:00:00.000Z	49.269",,,,
"375	2021-12-02T00:00:00.000Z	48.9681",,,,
"376	2021-12-02T08:00:00.000Z	49.4578",,,,
"377	2021-12-02T16:00:00.000Z	49.9824",,,,
"378	2021-12-03T00:00:00.000Z	49.8771",,,,
"379	2021-12-03T08:00:00.000Z	50.69",,,,
"380	2021-12-03T16:00:00.000Z	50.6133",,,,
"381	2021-12-04T00:00:00.000Z	50.2641",,,,
"382	2021-12-04T08:00:00.000Z	51.5467",,,,
"383	2021-12-04T16:00:00.000Z	51.98",,,,
"384	2021-12-05T00:00:00.000Z	51.6971",,,,
"385	2021-12-05T08:00:00.000Z	51.98",,,,
"386	2021-12-05T16:00:00.000Z	51.98",,,,
"387	2021-12-06T00:00:00.000Z	51.98",,,,
"388	2021-12-06T08:00:00.000Z	51.8473",,,,
"389	2021-12-06T16:00:00.000Z	51.25",,,,
"390	2021-12-07T00:00:00.000Z	51.676",,,,
"391	2021-12-07T08:00:00.000Z	51.6675",,,,
"392	2021-12-07T16:00:00.000Z	51.8575",,,,
"393	2021-12-08T00:00:00.000Z	49.7667",,,,
"394	2021-12-08T08:00:00.000Z	51.8425",,,,
"395	2021-12-08T16:00:00.000Z	51.0",,,,
"396	2021-12-09T00:00:00.000Z	51.6667",,,,
"397	2021-12-09T08:00:00.000Z	53.0",,,,
"398	2021-12-09T16:00:00.000Z	53.0",,,,
"399	2021-12-10T00:00:00.000Z	52.812",,,,
"400	2021-12-10T08:00:00.000Z	52.8625",,,,
"401	2021-12-10T16:00:00.000Z	52.8975",,,,
"402	2021-12-11T00:00:00.000Z	51.7938",,,,
"403	2021-12-11T08:00:00.000Z	50.0",,,,
"404	2021-12-11T16:00:00.000Z	51.5",,,,
"405	2021-12-12T00:00:00.000Z	52.0",,,,
"406	2021-12-12T08:00:00.000Z	51.9913",,,,
"407	2021-12-12T16:00:00.000Z	52.3856",,,,
"408	2021-12-13T00:00:00.000Z	52.56",,,,
"409	2021-12-13T08:00:00.000Z	52.869",,,,
"410	2021-12-13T16:00:00.000Z	52.77",,,,
"411	2021-12-14T00:00:00.000Z	53.6825",,,,
"412	2021-12-14T08:00:00.000Z	53.3438",,,,
"413	2021-12-14T16:00:00.000Z	53.8613",,,,
"414	2021-12-15T00:00:00.000Z	52.425",,,,
"415	2021-12-15T08:00:00.000Z	52.8238",,,,
"416	2021-12-15T16:00:00.000Z	51.3889",,,,
"417	2021-12-16T00:00:00.000Z	51.4462",,,,
"418	2021-12-16T08:00:00.000Z	50.69",,,,
"419	2021-12-16T16:00:00.000Z	50.6422",,,,
"420	2021-12-17T00:00:00.000Z	50.1675",,,,
"421	2021-12-17T08:00:00.000Z	50.2944",,,,
"422	2021-12-17T16:00:00.000Z	50.0",,,,
"423	2021-12-18T00:00:00.000Z	49.845",,,,
"424	2021-12-18T08:00:00.000Z	49.005",,,,
"425	2021-12-18T16:00:00.000Z	48.99",,,,
"426	2021-12-19T00:00:00.000Z	48.99",,,,
"427	2021-12-19T08:00:00.000Z	49.5299",,,,
"428	2021-12-19T16:00:00.000Z	49.9669",,,,
"429	2021-12-20T00:00:00.000Z	50.69",,,,
"430	2021-12-20T08:00:00.000Z	51.2306",,,,
"431	2021-12-20T16:00:00.000Z	51.1",,,,
"432	2021-12-21T00:00:00.000Z	51.0187",,,,
"433	2021-12-21T08:00:00.000Z	51.0",,,,
"434	2021-12-21T16:00:00.000Z	51.0823",,,,
"435	2021-12-22T00:00:00.000Z	51.893",,,,
"436	2021-12-22T08:00:00.000Z	51.9",,,,
"437	2021-12-22T16:00:00.000Z	52.345",,,,
"438	2021-12-23T00:00:00.000Z	52.6722",,,,
"439	2021-12-23T08:00:00.000Z	51.879",,,,
"440	2021-12-23T16:00:00.000Z	52.2",,,,
"441	2021-12-24T00:00:00.000Z	51.8667",,,,
"442	2021-12-24T08:00:00.000Z	53.4256",,,,
"443	2021-12-24T16:00:00.000Z	53.89",,,,
"444	2021-12-25T00:00:00.000Z	54.19",,,,
"445	2021-12-25T08:00:00.000Z	54.1875",,,,
"446	2021-12-25T16:00:00.000Z	54.6146",,,,
"447	2021-12-26T00:00:00.000Z	55.17",,,,
"448	2021-12-26T08:00:00.000Z	55.95",,,,
"449	2021-12-26T16:00:00.000Z	55.9944",,,,
"450	2021-12-27T00:00:00.000Z	58.6318",,,,
"451	2021-12-27T08:00:00.000Z	58.9894",,,,
"452	2021-12-27T16:00:00.000Z	59.0",,,,
"453	2021-12-28T00:00:00.000Z	59.0",,,,
"454	2021-12-28T08:00:00.000Z	59.0",,,,
"455	2021-12-28T16:00:00.000Z	59.2625",,,,
"456	2021-12-29T00:00:00.000Z	59.9155",,,,
"457	2021-12-29T08:00:00.000Z	59.3943",,,,
"458	2021-12-29T16:00:00.000Z	58.5",,,,
"459	2021-12-30T00:00:00.000Z	58.8529",,,,
"460	2021-12-30T08:00:00.000Z	59.1579",,,,
"461	2021-12-30T16:00:00.000Z	59.8605",,,,
"462	2021-12-31T00:00:00.000Z	59.9233",,,,
"463	2021-12-31T08:00:00.000Z	59.97",,,,
"464	2021-12-31T16:00:00.000Z	59.7694",,,,
"465	2022-01-01T00:00:00.000Z	60.0",,,,
"466	2022-01-01T08:00:00.000Z	63.635",,,,
"467	2022-01-01T16:00:00.000Z	66.1667",,,,
"468	2022-01-02T00:00:00.000Z	67.6269",,,,
"469	2022-01-02T08:00:00.000Z	67.7529",,,,
"470	2022-01-02T16:00:00.000Z	68.0189",,,,
"471	2022-01-03T00:00:00.000Z	71.4824",,,,
"472	2022-01-03T08:00:00.000Z	71.6744",,,,
"473	2022-01-03T16:00:00.000Z	73.9988",,,,
"474	2022-01-04T00:00:00.000Z	73.4394",,,,
"475	2022-01-04T08:00:00.000Z	71.5",,,,
"476	2022-01-04T16:00:00.000Z	72.2624",,,,
"477	2022-01-05T00:00:00.000Z	70.94",,,,
"478	2022-01-05T08:00:00.000Z	69.405",,,,
"479	2022-01-05T16:00:00.000Z	69.5",,,,
"480	2022-01-06T00:00:00.000Z	68.9632",,,,
"481	2022-01-06T08:00:00.000Z	65.9167",,,,
"482	2022-01-06T16:00:00.000Z	66.0",,,,
"483	2022-01-07T00:00:00.000Z	67.6826",,,,
"484	2022-01-07T08:00:00.000Z	68.0302",,,,
"485	2022-01-07T16:00:00.000Z	68.1176",,,,
"486	2022-01-08T00:00:00.000Z	67.7788",,,,
"487	2022-01-08T08:00:00.000Z	67.775",,,,
"488	2022-01-08T16:00:00.000Z	68.0",,,,
"489	2022-01-09T00:00:00.000Z	68.2059",,,,
"490	2022-01-09T08:00:00.000Z	71.2778",,,,
"491	2022-01-09T16:00:00.000Z	71.4706",,,,
"492	2022-01-10T00:00:00.000Z	74.5294",,,,
"493	2022-01-10T08:00:00.000Z	77.5989",,,,
"494	2022-01-10T16:00:00.000Z	77.9382",,,,
"495	2022-01-11T00:00:00.000Z	77.9925",,,,
"496	2022-01-11T08:00:00.000Z	77.995",,,,
"497	2022-01-11T16:00:00.000Z	77.8922",,,,
"498	2022-01-12T00:00:00.000Z	77.1721",,,,
"499	2022-01-12T08:00:00.000Z	75.9235",,,,
"500	2022-01-12T16:00:00.000Z	74.8324",,,,
"501	2022-01-13T00:00:00.000Z	74.69",,,,
"502	2022-01-13T08:00:00.000Z	74.5629",,,,
"503	2022-01-13T16:00:00.000Z	74.69",,,,
"504	2022-01-14T00:00:00.000Z	74.69",,,,
"505	2022-01-14T08:00:00.000Z	74.345",,,,
"506	2022-01-14T16:00:00.000Z	74.0",,,,
"507	2022-01-15T00:00:00.000Z	77.4559",,,,
"508	2022-01-15T08:00:00.000Z	80.2922",,,,
"509	2022-01-15T16:00:00.000Z	83.0",,,,
"510	2022-01-16T00:00:00.000Z	83.0",,,,
"511	2022-01-16T08:00:00.000Z	83.4375",,,,
"512	2022-01-16T16:00:00.000Z	83.3556",,,,
"513	2022-01-17T00:00:00.000Z	83.2667",,,,
"514	2022-01-17T08:00:00.000Z	83.1765",,,,
"515	2022-01-17T16:00:00.000Z	83.1765",,,,
"516	2022-01-18T00:00:00.000Z	83.0",,,,
"517	2022-01-18T08:00:00.000Z	82.6556",,,,
"518	2022-01-18T16:00:00.000Z	82.7868",,,,
"519	2022-01-19T00:00:00.000Z	82.0",,,,
"520	2022-01-19T08:00:00.000Z	82.0",,,,
"521	2022-01-19T16:00:00.000Z	79.8878",,,,
"522	2022-01-20T00:00:00.000Z	78.0",,,,
"523	2022-01-20T08:00:00.000Z	78.0",,,,
"524	2022-01-20T16:00:00.000Z	78.3333",,,,
"525	2022-01-21T00:00:00.000Z	83.2341",,,,
"526	2022-01-21T08:00:00.000Z	84.9412",,,,
"527	2022-01-21T16:00:00.000Z	81.8889",,,,
"528	2022-01-22T00:00:00.000Z	84.354",,,,
"529	2022-01-22T08:00:00.000Z	84.6925",,,,
"530	2022-01-22T16:00:00.000Z	84.9867",,,,
"531	2022-01-23T00:00:00.000Z	84.9988",,,,
"532	2022-01-23T08:00:00.000Z	84.9375",,,,
"533	2022-01-23T16:00:00.000Z	84.9976",,,,
"534	2022-01-24T00:00:00.000Z	85.1022",,,,
"535	2022-01-24T08:00:00.000Z	86.0",,,,
"536	2022-01-24T16:00:00.000Z	86.0",,,,
"537	2022-01-25T00:00:00.000Z	87.35",,,,
"538	2022-01-25T08:00:00.000Z	90.3636",,,,
"539	2022-01-25T16:00:00.000Z	93.0",,,,
"540	2022-01-26T00:00:00.000Z	93.0",,,,
"541	2022-01-26T08:00:00.000Z	92.85",,,,
"542	2022-01-26T16:00:00.000Z	91.25",,,,
"543	2022-01-27T00:00:00.000Z	93.0",,,,
"544	2022-01-27T08:00:00.000Z	93.0",,,,
"545	2022-01-27T16:00:00.000Z	93.3333",,,,
"546	2022-01-28T00:00:00.000Z	94.125",,,,
"547	2022-01-28T08:00:00.000Z	94.6842",,,,
"548	2022-01-28T16:00:00.000Z	94.375",,,,
"549	2022-01-29T00:00:00.000Z	94.7895",,,,
"550	2022-01-29T08:00:00.000Z	96.7368",,,,
"551	2022-01-29T16:00:00.000Z	99.2727",,,,
"552	2022-01-30T00:00:00.000Z	101.6",,,,
"553	2022-01-30T08:00:00.000Z	104.7526",,,,
"554	2022-01-30T16:00:00.000Z	106.9",,,,
"555	2022-01-31T00:00:00.000Z	106.9",,,,
"556	2022-01-31T08:00:00.000Z	114.1484",,,,
"557	2022-01-31T16:00:00.000Z	116.9",,,,
"558	2022-02-01T00:00:00.000Z	117.576",,,,
"559	2022-02-01T08:00:00.000Z	118.69",,,,
"560	2022-02-01T16:00:00.000Z	118.43",,,,
"561	2022-02-02T00:00:00.000Z	116.0",,,,
"562	2022-02-02T08:00:00.000Z	110.045",,,,
"563	2022-02-02T16:00:00.000Z	107.1064",,,,
"564	2022-02-03T00:00:00.000Z	100.9083",,,,
"565	2022-02-03T08:00:00.000Z	98.9194",,,,
"566	2022-02-03T16:00:00.000Z	98.4933",,,,
"567	2022-02-04T00:00:00.000Z	99.0308",,,,
"568	2022-02-04T08:00:00.000Z	99.0667",,,,
"569	2022-02-04T16:00:00.000Z	99.42",,,,
"570	2022-02-05T00:00:00.000Z	100.004",,,,
"571	2022-02-05T08:00:00.000Z	100.0",,,,
"572	2022-02-05T16:00:00.000Z	99.2353",,,,
"573	2022-02-06T00:00:00.000Z	100.6844",,,,
"574	2022-02-06T08:00:00.000Z	102.4063",,,,
"575	2022-02-06T16:00:00.000Z	101.0",,,,
"576	2022-02-07T00:00:00.000Z	100.2778",,,,
"577	2022-02-07T08:00:00.000Z	100.0",,,,
"578	2022-02-07T16:00:00.000Z	100.0",,,,
"579	2022-02-08T00:00:00.000Z	99.3494",,,,
"580	2022-02-08T08:00:00.000Z	99.0",,,,
"581	2022-02-08T16:00:00.000Z	99.0",,,,
"582	2022-02-09T00:00:00.000Z	99.0",,,,
"583	2022-02-09T08:00:00.000Z	99.0",,,,
"584	2022-02-09T16:00:00.000Z	94.6765",,,,
"585	2022-02-10T00:00:00.000Z	91.7526",,,,
"586	2022-02-10T08:00:00.000Z	91.1765",,,,
"587	2022-02-10T16:00:00.000Z	90.8306",,,,
"588	2022-02-11T00:00:00.000Z	91.0",,,,
"589	2022-02-11T08:00:00.000Z	91.1111",,,,
"590	2022-02-11T16:00:00.000Z	90.9737",,,,
"591	2022-02-12T00:00:00.000Z	92.3882",,,,
"592	2022-02-12T08:00:00.000Z	92.0",,,,
"593	2022-02-12T16:00:00.000Z	92.5368",,,,
"594	2022-02-13T00:00:00.000Z	94.55",,,,
"595	2022-02-13T08:00:00.000Z	99.9563",,,,
"596	2022-02-13T16:00:00.000Z	99.99",,,,
"597	2022-02-14T00:00:00.000Z	99.9888",,,,
"598	2022-02-14T08:00:00.000Z	99.99",,,,
"599	2022-02-14T16:00:00.000Z	99.99",,,,
"600	2022-02-15T00:00:00.000Z	101.495",,,,
"601	2022-02-15T08:00:00.000Z	103.0",,,,
"602	2022-02-15T16:00:00.000Z	103.0",,,,
"603	2022-02-16T00:00:00.000Z	103.0",,,,
"604	2022-02-16T08:00:00.000Z	100.5175",,,,
"605	2022-02-16T16:00:00.000Z	98.0",,,,
"606	2022-02-17T00:00:00.000Z	98.0",,,,
"607	2022-02-17T08:00:00.000Z	98.1389",,,,
"608	2022-02-17T16:00:00.000Z	98.1563",,,,
"609	2022-02-18T00:00:00.000Z	97.8889",,,,
"610	2022-02-18T08:00:00.000Z	98.1238",,,,
"611	2022-02-18T16:00:00.000Z	96.47",,,,
"612	2022-02-19T00:00:00.000Z	93.9794",,,,
"613	2022-02-19T08:00:00.000Z	94.0",,,,
"614	2022-02-19T16:00:00.000Z	93.9",,,,
"615	2022-02-20T00:00:00.000Z	93.9",,,,
"616	2022-02-20T08:00:00.000Z	93.8889",,,,
"617	2022-02-20T16:00:00.000Z	92.8889",,,,
"618	2022-02-21T00:00:00.000Z	92.5",,,,
"619	2022-02-21T08:00:00.000Z	93.0",,,,
"620	2022-02-21T16:00:00.000Z	93.8458",,,,
"621	2022-02-22T00:00:00.000Z	93.4795",,,,
"622	2022-02-22T08:00:00.000Z	91.7588",,,,
"623	2022-02-22T16:00:00.000Z	91.5",,,,
"624	2022-02-23T00:00:00.000Z	91.0767",,,,
"625	2022-02-23T08:00:00.000Z	90.2029",,,,
"626	2022-02-23T16:00:00.000Z	89.9647",,,,
"627	2022-02-24T00:00:00.000Z	89.7825",,,,
"628	2022-02-24T08:00:00.000Z	83.7647",,,,
"629	2022-02-24T16:00:00.000Z	80.5272",,,,
"630	2022-02-25T00:00:00.000Z	78.6802",,,,
"631	2022-02-25T08:00:00.000Z	76.6951",,,,
"632	2022-02-25T16:00:00.000Z	81.4286",,,,
"633	2022-02-26T00:00:00.000Z	88.2808",,,,
"634	2022-02-26T08:00:00.000Z	88.9849",,,,
"635	2022-02-26T16:00:00.000Z	89.4111",,,,
"636	2022-02-27T00:00:00.000Z	88.8035",,,,
"637	2022-02-27T08:00:00.000Z	87.4424",,,,
"638	2022-02-27T16:00:00.000Z	87.0",,,,
"639	2022-02-28T00:00:00.000Z	87.0",,,,
"640	2022-02-28T08:00:00.000Z	86.9911",,,,
"641	2022-02-28T16:00:00.000Z	86.99",,,,
"642	2022-03-01T00:00:00.000Z	86.5963",,,,
"643	2022-03-01T08:00:00.000Z	88.5866",,,,
"644	2022-03-01T16:00:00.000Z	88.3679",,,,
"645	2022-03-02T00:00:00.000Z	86.7736",,,,
"646	2022-03-02T08:00:00.000Z	84.3945",,,,
"647	2022-03-02T16:00:00.000Z	83.0745",,,,
"648	2022-03-03T00:00:00.000Z	83.99",,,,
"649	2022-03-03T08:00:00.000Z	83.745",,,,
"650	2022-03-03T16:00:00.000Z	83.7947",,,,
"651	2022-03-04T00:00:00.000Z	83.7705",,,,
"652	2022-03-04T08:00:00.000Z	83.7133",,,,
"653	2022-03-04T16:00:00.000Z	83.552",,,,
"654	2022-03-05T00:00:00.000Z	83.0",,,,
"655	2022-03-05T08:00:00.000Z	82.7458",,,,
"656	2022-03-05T16:00:00.000Z	82.0",,,,
"657	2022-03-06T00:00:00.000Z	80.2305",,,,
"658	2022-03-06T08:00:00.000Z	78.2164",,,,
"659	2022-03-06T16:00:00.000Z	77.764",,,,
"660	2022-03-07T00:00:00.000Z	76.5862",,,,
"661	2022-03-07T08:00:00.000Z	75.713",,,,
"662	2022-03-07T16:00:00.000Z	71.2981",,,,
"663	2022-03-08T00:00:00.000Z	68.0",,,,
"664	2022-03-08T08:00:00.000Z	71.1495",,,,
"665	2022-03-08T16:00:00.000Z	73.5",,,,
"666	2022-03-09T00:00:00.000Z	73.8859",,,,
"667	2022-03-09T08:00:00.000Z	74.6714",,,,
"668	2022-03-09T16:00:00.000Z	74.69",,,,
"669	2022-03-10T00:00:00.000Z	73.7948",,,,
"670	2022-03-10T08:00:00.000Z	73.5",,,,
"671	2022-03-10T16:00:00.000Z	73.5",,,,
"672	2022-03-11T00:00:00.000Z	73.5",,,,
"673	2022-03-11T08:00:00.000Z	73.5086",,,,
"674	2022-03-11T16:00:00.000Z	72.9718",,,,
"675	2022-03-12T00:00:00.000Z	72.982",,,,
"676	2022-03-12T08:00:00.000Z	75.7164",,,,
"677	2022-03-12T16:00:00.000Z	80.0",,,,
"678	2022-03-13T00:00:00.000Z	83.5234",,,,
"679	2022-03-13T08:00:00.000Z	86.6528",,,,
"680	2022-03-13T16:00:00.000Z	93.4857",,,,
"681	2022-03-14T00:00:00.000Z	96.8704",,,,
"682	2022-03-14T08:00:00.000Z	96.6879",,,,
"683	2022-03-14T16:00:00.000Z	95.9543",,,,
"684	2022-03-15T00:00:00.000Z	93.5851",,,,
"685	2022-03-15T08:00:00.000Z	92.536",,,,
"686	2022-03-15T16:00:00.000Z	88.6944",,,,
"687	2022-03-16T00:00:00.000Z	88.0175",,,,
"688	2022-03-16T08:00:00.000Z	91.428",,,,
"689	2022-03-16T16:00:00.000Z	91.8889",,,,
"690	2022-03-17T00:00:00.000Z	94.0593",,,,
"691	2022-03-17T08:00:00.000Z	106.1874",,,,
"692	2022-03-17T16:00:00.000Z	98.2532",,,,
"693	2022-03-18T00:00:00.000Z	88.0176",,,,
"694	2022-03-18T08:00:00.000Z	86.4057",,,,
"695	2022-03-18T16:00:00.000Z	92.026",,,,
"696	2022-03-19T00:00:00.000Z	92.8089",,,,
"697	2022-03-19T08:00:00.000Z	95.8761",,,,
"698	2022-03-19T16:00:00.000Z	101.0167",,,,
"699	2022-03-20T00:00:00.000Z	104.2343",,,,
"700	2022-03-20T08:00:00.000Z	104.2497",,,,
"701	2022-03-20T16:00:00.000Z	100.832",,,,
"702	2022-03-21T00:00:00.000Z	98.2942",,,,
"703	2022-03-21T08:00:00.000Z	99.4445",,,,
"704	2022-03-21T16:00:00.000Z	99.99",,,,
"705	2022-03-22T00:00:00.000Z	101.053",,,,
"706	2022-03-22T08:00:00.000Z	100.8668",,,,
"707	2022-03-22T16:00:00.000Z	100.9914",,,,
"708	2022-03-23T00:00:00.000Z	101.501",,,,
"709	2022-03-23T08:00:00.000Z	102.141",,,,
"710	2022-03-23T16:00:00.000Z	103.0",,,,
"711	2022-03-24T00:00:00.000Z	103.0",,,,
"712	2022-03-24T08:00:00.000Z	103.0",,,,
"713	2022-03-24T16:00:00.000Z	102.9651",,,,
"714	2022-03-25T00:00:00.000Z	102.587",,,,
"715	2022-03-25T08:00:00.000Z	103.0",,,,
"716	2022-03-25T16:00:00.000Z	103.0",,,,
"717	2022-03-26T00:00:00.000Z	102.912",,,,
"718	2022-03-26T08:00:00.000Z	102.9975",,,,
"719	2022-03-26T16:00:00.000Z	103.0",,,,
"720	2022-03-27T00:00:00.000Z	102.931",,,,
"721	2022-03-27T08:00:00.000Z	102.6535",,,,
"722	2022-03-27T16:00:00.000Z	104.1357",,,,
"723	2022-03-28T00:00:00.000Z	107.17",,,,
"724	2022-03-28T08:00:00.000Z	106.944",,,,
"725	2022-03-28T16:00:00.000Z	106.8872",,,,
"726	2022-03-29T00:00:00.000Z	106.6641",,,,
"727	2022-03-29T08:00:00.000Z	106.9845",,,,
"728	2022-03-29T16:00:00.000Z	106.3399",,,,
"729	2022-03-30T00:00:00.000Z	102.6709",,,,
"730	2022-03-30T08:00:00.000Z	102.69",,,,
"731	2022-03-30T16:00:00.000Z	103.2376",,,,
"732	2022-03-31T00:00:00.000Z	106.8672",,,,
"733	2022-03-31T08:00:00.000Z	108.9099",,,,
"734	2022-03-31T16:00:00.000Z	106.2516",,,,
"735	2022-04-01T00:00:00.000Z	110.6087",,,,
"736	2022-04-01T08:00:00.000Z	109.4431",,,,
"737	2022-04-01T16:00:00.000Z	110.5751",,,,
"738	2022-04-02T00:00:00.000Z	109.7737",,,,
"739	2022-04-02T08:00:00.000Z	109.99",,,,
"740	2022-04-02T16:00:00.000Z	109.4484",,,,
"741	2022-04-03T00:00:00.000Z	105.0529",,,,
"742	2022-04-03T08:00:00.000Z	105.0",,,,
"743	2022-04-03T16:00:00.000Z	105.0",,,,
"744	2022-04-04T00:00:00.000Z	107.8537",,,,
"745	2022-04-04T08:00:00.000Z	110.6643",,,,
"746	2022-04-04T16:00:00.000Z	109.388",,,,
"747	2022-04-05T00:00:00.000Z	109.1792",,,,
"748	2022-04-05T08:00:00.000Z	109.3709",,,,
"749	2022-04-05T16:00:00.000Z	109.4406",,,,
"750	2022-04-06T00:00:00.000Z	107.9774",,,,
"751	2022-04-06T08:00:00.000Z	107.7426",,,,
"752	2022-04-06T16:00:00.000Z	111.0",,,,
"753	2022-04-07T00:00:00.000Z	111.0",,,,
"754	2022-04-07T08:00:00.000Z	111.0",,,,
"755	2022-04-07T16:00:00.000Z	110.093",,,,
"756	2022-04-08T00:00:00.000Z	110.905",,,,
"757	2022-04-08T08:00:00.000Z	110.5276",,,,
"758	2022-04-08T16:00:00.000Z	110.8217",,,,
"759	2022-04-09T00:00:00.000Z	110.9",,,,
"760	2022-04-09T08:00:00.000Z	110.9",,,,
"761	2022-04-09T16:00:00.000Z	106.0899",,,,
"762	2022-04-10T00:00:00.000Z	105.9262",,,,
"763	2022-04-10T08:00:00.000Z	108.4686",,,,
"764	2022-04-10T16:00:00.000Z	109.0",,,,
"765	2022-04-11T00:00:00.000Z	109.0",,,,
"766	2022-04-11T08:00:00.000Z	105.1348",,,,
"767	2022-04-11T16:00:00.000Z	107.8675",,,,
"768	2022-04-12T00:00:00.000Z	107.4789",,,,
"769	2022-04-12T08:00:00.000Z	105.0",,,,
"770	2022-04-12T16:00:00.000Z	108.3043",,,,
"771	2022-04-13T00:00:00.000Z	109.0",,,,
"772	2022-04-13T08:00:00.000Z	109.0",,,,
"773	2022-04-13T16:00:00.000Z	108.9711",,,,
"774	2022-04-14T00:00:00.000Z	108.9997",,,,
"775	2022-04-14T08:00:00.000Z	109.0",,,,
"776	2022-04-14T16:00:00.000Z	108.8072",,,,
"777	2022-04-15T00:00:00.000Z	107.4536",,,,
"778	2022-04-15T08:00:00.000Z	108.3935",,,,
"779	2022-04-15T16:00:00.000Z	107.4321",,,,
"780	2022-04-16T00:00:00.000Z	102.4294",,,,
"781	2022-04-16T08:00:00.000Z	106.9929",,,,
"782	2022-04-16T16:00:00.000Z	109.4582",,,,
"783	2022-04-17T00:00:00.000Z	107.3744",,,,
"784	2022-04-17T08:00:00.000Z	107.5222",,,,
"785	2022-04-17T16:00:00.000Z	104.8969",,,,
"786	2022-04-18T00:00:00.000Z	103.8869",,,,
"787	2022-04-18T08:00:00.000Z	106.8272",,,,
"788	2022-04-18T16:00:00.000Z	106.5607",,,,
"789	2022-04-19T00:00:00.000Z	107.6592",,,,
"790	2022-04-19T08:00:00.000Z	109.2388",,,,
"791	2022-04-19T16:00:00.000Z	111.5",,,,
"792	2022-04-20T00:00:00.000Z	112.4857",,,,
"793	2022-04-20T08:00:00.000Z	113.6847",,,,
"794	2022-04-20T16:00:00.000Z	118.4351",,,,
"795	2022-04-21T00:00:00.000Z	120.2058",,,,
"796	2022-04-21T08:00:00.000Z	122.6567",,,,
"797	2022-04-21T16:00:00.000Z	123.3209",,,,
"798	2022-04-22T00:00:00.000Z	122.8889",,,,
"799	2022-04-22T08:00:00.000Z	123.0",,,,
"800	2022-04-22T16:00:00.000Z	123.0",,,,
"801	2022-04-23T00:00:00.000Z	123.0",,,,
"802	2022-04-23T08:00:00.000Z	123.0",,,,
"803	2022-04-23T16:00:00.000Z	124.7879",,,,
"804	2022-04-24T00:00:00.000Z	126.4723",,,,
"805	2022-04-24T08:00:00.000Z	127.5444",,,,
"806	2022-04-24T16:00:00.000Z	129.8647",,,,
"807	2022-04-25T00:00:00.000Z	130.9106",,,,
"808	2022-04-25T08:00:00.000Z	135.69",,,,
"809	2022-04-25T16:00:00.000Z	137.4553",,,,
"810	2022-04-26T00:00:00.000Z	137.2481",,,,
"811	2022-04-26T08:00:00.000Z	135.8491",,,,
"812	2022-04-26T16:00:00.000Z	135.5275",,,,
"813	2022-04-27T00:00:00.000Z	137.3514",,,,
"814	2022-04-27T08:00:00.000Z	138.0933",,,,
"815	2022-04-27T16:00:00.000Z	137.818",,,,
"816	2022-04-28T00:00:00.000Z	138.9004",,,,
"817	2022-04-28T08:00:00.000Z	138.9206",,,,
"818	2022-04-28T16:00:00.000Z	139.2917",,,,
"819	2022-04-29T00:00:00.000Z	133.4881",,,,
"820	2022-04-29T08:00:00.000Z	139.5178",,,,
"821	2022-04-29T16:00:00.000Z	145.8864",,,,
"822	2022-04-30T00:00:00.000Z	147.2125",,,,
"823	2022-04-30T08:00:00.000Z	148.2594",,,,
"824	2022-04-30T16:00:00.000Z	150.7272",,,,
"825	2022-05-01T00:00:00.000Z	153.5821",,,,
"826	2022-05-01T08:00:00.000Z	148.7998",,,,
"827	2022-05-01T16:00:00.000Z	132.0",,,,
"828	2022-05-02T00:00:00.000Z	129.4361",,,,
"829	2022-05-02T08:00:00.000Z	124.6124",,,,
"830	2022-05-02T16:00:00.000Z	122.1392",,,,
"831	2022-05-03T00:00:00.000Z	122.1993",,,,
"832	2022-05-03T08:00:00.000Z	114.1057",,,,
"833	2022-05-03T16:00:00.000Z	112.2635",,,,
"834	2022-05-04T00:00:00.000Z	107.3433",,,,
"835	2022-05-04T08:00:00.000Z	107.1175",,,,
"836	2022-05-04T16:00:00.000Z	114.7808",,,,
"837	2022-05-05T00:00:00.000Z	116.1336",,,,
"838	2022-05-05T08:00:00.000Z	115.9583",,,,
"839	2022-05-05T16:00:00.000Z	115.3839",,,,
"840	2022-05-06T00:00:00.000Z	110.5397",,,,
"841	2022-05-06T08:00:00.000Z	106.0676",,,,
"842	2022-05-06T16:00:00.000Z	105.6263",,,,
"843	2022-05-07T00:00:00.000Z	105.1296",,,,
"844	2022-05-07T08:00:00.000Z	103.7271",,,,
"845	2022-05-07T16:00:00.000Z	103.0",,,,
"846	2022-05-08T00:00:00.000Z	102.9359",,,,
"847	2022-05-08T08:00:00.000Z	105.3369",,,,
"848	2022-05-08T16:00:00.000Z	104.7631",,,,
"849	2022-05-09T00:00:00.000Z	100.4565",,,,
"850	2022-05-09T08:00:00.000Z	96.5659",,,,
"851	2022-05-09T16:00:00.000Z	94.9362",,,,
"852	2022-05-10T00:00:00.000Z	87.6242",,,,
"853	2022-05-10T08:00:00.000Z	89.3298",,,,
"854	2022-05-10T16:00:00.000Z	89.3772",,,,
"855	2022-05-11T00:00:00.000Z	99.5901",,,,
"856	2022-05-11T08:00:00.000Z	99.4413",,,,
"857	2022-05-11T16:00:00.000Z	99.3133",,,,
"858	2022-05-12T00:00:00.000Z	94.1835",,,,
"859	2022-05-12T08:00:00.000Z	95.514",,,,
"860	2022-05-12T16:00:00.000Z	90.6054",,,,
"861	2022-05-13T00:00:00.000Z	89.4397",,,,
"862	2022-05-13T08:00:00.000Z	94.2612",,,,
"863	2022-05-13T16:00:00.000Z	97.1445",,,,
"864	2022-05-14T00:00:00.000Z	98.9877",,,,
"865	2022-05-14T08:00:00.000Z	98.691",,,,
"866	2022-05-14T16:00:00.000Z	97.9967",,,,
"867	2022-05-15T00:00:00.000Z	97.2963",,,,
"868	2022-05-15T08:00:00.000Z	99.0867",,,,
"869	2022-05-15T16:00:00.000Z	99.5438",,,,
"870	2022-05-16T00:00:00.000Z	100.2119",,,,
"871	2022-05-16T08:00:00.000Z	100.4115",,,,
"872	2022-05-16T16:00:00.000Z	100.2804",,,,
"873	2022-05-17T00:00:00.000Z	99.9916",,,,
"874	2022-05-17T08:00:00.000Z	99.3559",,,,
"875	2022-05-17T16:00:00.000Z	99.4454",,,,
"876	2022-05-18T00:00:00.000Z	99.8775",,,,
"877	2022-05-18T08:00:00.000Z	99.3292",,,,
"878	2022-05-18T16:00:00.000Z	97.3974",,,,
"879	2022-05-19T00:00:00.000Z	96.5297",,,,
"880	2022-05-19T08:00:00.000Z	96.1067",,,,
"881	2022-05-19T16:00:00.000Z	96.1715",,,,
"882	2022-05-20T00:00:00.000Z	95.8847",,,,
"883	2022-05-20T08:00:00.000Z	95.691",,,,
"884	2022-05-20T16:00:00.000Z	95.2784",,,,
"885	2022-05-21T00:00:00.000Z	94.9125",,,,
"886	2022-05-21T08:00:00.000Z	94.5214",,,,
"887	2022-05-21T16:00:00.000Z	94.6796",,,,
"888	2022-05-22T00:00:00.000Z	94.5318",,,,
"889	2022-05-22T08:00:00.000Z	93.2157",,,,
"890	2022-05-22T16:00:00.000Z	92.5203",,,,
"891	2022-05-23T00:00:00.000Z	92.4871",,,,
"892	2022-05-23T08:00:00.000Z	92.1058",,,,
"893	2022-05-23T16:00:00.000Z	92.1003",,,,
"894	2022-05-24T00:00:00.000Z	91.6479",,,,
"895	2022-05-24T08:00:00.000Z	91.6075",,,,
"896	2022-05-24T16:00:00.000Z	93.9988",,,,
"897	2022-05-25T00:00:00.000Z	93.8339",,,,
"898	2022-05-25T08:00:00.000Z	91.4571",,,,
"899	2022-05-25T16:00:00.000Z	91.0",,,,
"900	2022-05-26T00:00:00.000Z	91.0",,,,
"901	2022-05-26T08:00:00.000Z	90.6592",,,,
"902	2022-05-26T16:00:00.000Z	87.7109",,,,
"903	2022-05-27T00:00:00.000Z	89.6121",,,,
"904	2022-05-27T08:00:00.000Z	89.8924",,,,
"905	2022-05-27T16:00:00.000Z	89.5058",,,,
"906	2022-05-28T00:00:00.000Z	88.1963",,,,
"907	2022-05-28T08:00:00.000Z	86.8195",,,,
"908	2022-05-28T16:00:00.000Z	86.1213",,,,
"909	2022-05-29T00:00:00.000Z	86.6179",,,,
"910	2022-05-29T08:00:00.000Z	81.7921",,,,
"911	2022-05-29T16:00:00.000Z	81.0814",,,,
"912	2022-05-30T00:00:00.000Z	81.2437",,,,
"913	2022-05-30T08:00:00.000Z	82.8978",,,,
"914	2022-05-30T16:00:00.000Z	86.0623",,,,
"915	2022-05-31T00:00:00.000Z	85.7541",,,,
"916	2022-05-31T08:00:00.000Z	85.4191",,,,
"917	2022-05-31T16:00:00.000Z	85.054",,,,
"918	2022-06-01T00:00:00.000Z	84.1556",,,,
"919	2022-06-01T08:00:00.000Z	85.5665",,,,
"920	2022-06-01T16:00:00.000Z	88.2758",,,,
"921	2022-06-02T00:00:00.000Z	88.2035",,,,
"922	2022-06-02T08:00:00.000Z	87.251",,,,
"923	2022-06-02T16:00:00.000Z	87.231",,,,
"924	2022-06-03T00:00:00.000Z	87.0288",,,,
"925	2022-06-03T08:00:00.000Z	87.2335",,,,
"926	2022-06-03T16:00:00.000Z	87.1956",,,,
"927	2022-06-04T00:00:00.000Z	87.2137",,,,
"928	2022-06-04T08:00:00.000Z	87.2248",,,,
"929	2022-06-04T16:00:00.000Z	87.2049",,,,
"930	2022-06-05T00:00:00.000Z	87.1885",,,,
"931	2022-06-05T08:00:00.000Z	87.1582",,,,
"932	2022-06-05T16:00:00.000Z	87.3117",,,,
"933	2022-06-06T00:00:00.000Z	87.1805",,,,
"934	2022-06-06T08:00:00.000Z	87.1905",,,,
"935	2022-06-06T16:00:00.000Z	87.2105",,,,
"936	2022-06-07T00:00:00.000Z	87.119",,,,
"937	2022-06-07T08:00:00.000Z	86.9806",,,,
"938	2022-06-07T16:00:00.000Z	90.2978",,,,
"939	2022-06-08T00:00:00.000Z	91.3525",,,,
"940	2022-06-08T08:00:00.000Z	90.2237",,,,
"941	2022-06-08T16:00:00.000Z	90.1911",,,,
"942	2022-06-09T00:00:00.000Z	91.1179",,,,
"943	2022-06-09T08:00:00.000Z	93.8995",,,,
"944	2022-06-09T16:00:00.000Z	93.7531",,,,
"945	2022-06-10T00:00:00.000Z	92.1963",,,,
"946	2022-06-10T08:00:00.000Z	91.5888",,,,
"947	2022-06-10T16:00:00.000Z	90.2698",,,,
"948	2022-06-11T00:00:00.000Z	89.2813",,,,
"949	2022-06-11T08:00:00.000Z	88.0673",,,,
"950	2022-06-11T13:15:22.730Z	86.99",,,,